card_name,old_price,set,full_rarity,full_set
Air Elemental,2.13,LEA,U,Alpha
Ancestral Recall,8.75,LEA,R,Alpha
Animate Artifact,2.00,LEA,U,Alpha
Animate Dead,2.00,LEA,U,Alpha
Animate Wall,6.00,LEA,R,Alpha
Ankh of Mishra,5.00,LEA,R,Alpha
Armageddon,8.00,LEA,R,Alpha
Aspect of Wolf,8.00,LEA,R,Alpha
Bad Moon,8.00,LEA,R,Alpha
Badlands,7.50,LEA,R,Alpha
Balance,5.50,LEA,R,Alpha
Basalt Monolith,2.50,LEA,U,Alpha
Bayou,7.00,LEA,R,Alpha
Benalish Hero,0.40,LEA,C,Alpha
Berserk,2.75,LEA,U,Alpha
Birds of Paradise,7.50,LEA,R,Alpha
Black Knight,4.00,LEA,U,Alpha
Black Lotus,15.00,LEA,R,Alpha
Black Vise,3.00,LEA,U,Alpha
Black Ward,2.00,LEA,U,Alpha
Blaze of Glory,7.50,LEA,R,Alpha
Blessing,6.50,LEA,R,Alpha
Blue Elemental Blast,0.41,LEA,C,Alpha
Blue Ward,2.00,LEA,U,Alpha
Bog Wraith,3.50,LEA,U,Alpha
Braingeyser,8.00,LEA,R,Alpha
Burrowing,2.00,LEA,U,Alpha
Camouflage,1.25,LEA,U,Alpha
Castle,2.68,LEA,U,Alpha
Celestial Prism,3.00,LEA,U,Alpha
Channel,3.00,LEA,U,Alpha
Chaos Orb,10.00,LEA,R,Alpha
Chaoslace,5.00,LEA,R,Alpha
Circle of Protection: Blue,0.50,LEA,C,Alpha
Circle of Protection: Green,0.50,LEA,C,Alpha
Circle of Protection: Red,0.50,LEA,C,Alpha
Circle of Protection: White,0.50,LEA,C,Alpha
Clockwork Beast,8.50,LEA,R,Alpha
Clone,3.54,LEA,U,Alpha
Cockatrice,8.50,LEA,R,Alpha
Consecrate Land,4.00,LEA,U,Alpha
Conservator,2.00,LEA,U,Alpha
Contract from Below,5.00,LEA,R,Alpha
Control Magic,3.30,LEA,U,Alpha
Conversion,2.00,LEA,U,Alpha
Copper Tablet,2.00,LEA,U,Alpha
Copy Artifact,6.50,LEA,R,Alpha
Counterspell,3.00,LEA,U,Alpha
Craw Wurm,0.75,LEA,C,Alpha
Creature Bond,0.41,LEA,C,Alpha
Crusade,6.50,LEA,R,Alpha
Crystal Rod,2.00,LEA,U,Alpha
Cursed Land,1.50,LEA,U,Alpha
Cyclopean Tomb,12.50,LEA,R,Alpha
Dark Ritual,0.41,LEA,C,Alpha
Darkpact,5.50,LEA,R,Alpha
Death Ward,0.41,LEA,C,Alpha
Deathgrip,2.00,LEA,U,Alpha
Deathlace,5.00,LEA,R,Alpha
Demonic Attorney,6.25,LEA,R,Alpha
Demonic Hordes,8.65,LEA,R,Alpha
Demonic Tutor,4.13,LEA,U,Alpha
Dingus Egg,6.00,LEA,R,Alpha
Disenchant,0.90,LEA,C,Alpha
Disintegrate,0.83,LEA,C,Alpha
Disrupting Scepter,7.00,LEA,R,Alpha
Dragon Whelp,4.00,LEA,U,Alpha
Drain Life,0.41,LEA,C,Alpha
Drain Power,7.00,LEA,R,Alpha
Drudge Skeletons,0.41,LEA,C,Alpha
Dwarven Demolition Team,3.00,LEA,U,Alpha
Dwarven Warriors,0.41,LEA,C,Alpha
Earth Elemental,2.00,LEA,U,Alpha
Earthbind,0.40,LEA,C,Alpha
Earthquake,6.00,LEA,R,Alpha
Elvish Archers,8.75,LEA,R,Alpha
Evil Presence,1.50,LEA,U,Alpha
False Orders,0.60,LEA,C,Alpha
Farmstead,6.00,LEA,R,Alpha
Fastbond,5.50,LEA,R,Alpha
Fear,0.41,LEA,C,Alpha
Feedback,1.50,LEA,U,Alpha
Fire Elemental,2.00,LEA,U,Alpha
Fireball,0.83,LEA,C,Alpha
Firebreathing,0.41,LEA,C,Alpha
Flashfires,2.00,LEA,U,Alpha
Flight,0.41,LEA,C,Alpha
Fog,0.41,LEA,C,Alpha
Force of Nature,16.50,LEA,R,Alpha
Forcefield,9.00,LEA,R,Alpha
Fork,8.13,LEA,R,Alpha
Frozen Shade,0.41,LEA,C,Alpha
Fungusaur,9.50,LEA,R,Alpha
Gaea's Liege,15.00,LEA,R,Alpha
Gauntlet of Might,10.00,LEA,R,Alpha
Giant Growth,0.41,LEA,C,Alpha
Giant Spider,0.41,LEA,C,Alpha
Glasses of Urza,2.00,LEA,U,Alpha
Gloom,3.00,LEA,U,Alpha
Goblin Balloon Brigade,1.50,LEA,U,Alpha
Goblin King,8.50,LEA,R,Alpha
Granite Gargoyle,8.50,LEA,R,Alpha
Gray Ogre,0.41,LEA,C,Alpha
Green Ward,1.77,LEA,U,Alpha
Grizzly Bears,0.41,LEA,C,Alpha
Guardian Angel,0.41,LEA,C,Alpha
Healing Salve,0.41,LEA,C,Alpha
Helm of Chatzuk,5.50,LEA,R,Alpha
Hill Giant,0.41,LEA,C,Alpha
Holy Armor,0.41,LEA,C,Alpha
Holy Strength,0.41,LEA,C,Alpha
Howl from Beyond,0.40,LEA,C,Alpha
Howling Mine,8.00,LEA,R,Alpha
Hurloon Minotaur,0.41,LEA,C,Alpha
Hurricane,2.00,LEA,U,Alpha
Hypnotic Specter,4.13,LEA,U,Alpha
Ice Storm,1.75,LEA,U,Alpha
Icy Manipulator,7.00,LEA,U,Alpha
Illusionary Mask,6.75,LEA,R,Alpha
Instill Energy,6.75,LEA,U,Alpha
Invisibility,2.00,LEA,C,Alpha
Iron Star,0.70,LEA,U,Alpha
Ironroot Treefolk,2.00,LEA,C,Alpha
Ironclaw Orcs,0.40,LEA,C,Alpha
Island Sanctuary,6.00,LEA,R,Alpha
Ivory Cup,0.41,LEA,U,Alpha
Jade Monolith,5.50,LEA,R,Alpha
Jade Statue,4.00,LEA,U,Alpha
Jayemdae Tome,6.00,LEA,R,Alpha
Juggernaut,3.00,LEA,U,Alpha
Jump,0.40,LEA,C,Alpha
Karma,3.00,LEA,U,Alpha
Keldon Warlord,3.00,LEA,U,Alpha
Kormus Bell,6.50,LEA,R,Alpha
Kudzu,5.50,LEA,R,Alpha
Lance,2.00,LEA,U,Alpha
Ley Druid,1.89,LEA,U,Alpha
Library of Leng,2.00,LEA,U,Alpha
Lich,8.75,LEA,R,Alpha
Lifeforce,2.18,LEA,U,Alpha
Lifelace,5.00,LEA,R,Alpha
Lifetap,2.00,LEA,U,Alpha
Lightning Bolt,0.83,LEA,C,Alpha
Living Artifact,6.50,LEA,R,Alpha
Living Lands,6.00,LEA,R,Alpha
Living Wall,2.00,LEA,U,Alpha
Llanowar Elves,0.41,LEA,C,Alpha
Lord of Atlantis,7.50,LEA,R,Alpha
Lord of the Pit,10.50,LEA,R,Alpha
Lure,2.00,LEA,U,Alpha
Magical Hack,7.00,LEA,R,Alpha
Mahamoti Djinn,9.50,LEA,R,Alpha
Mana Flare,6.50,LEA,R,Alpha
Mana Short,8.00,LEA,R,Alpha
Mana Vault,5.50,LEA,R,Alpha
Manabarbs,5.50,LEA,R,Alpha
Meekstone,5.50,LEA,R,Alpha
Merfolk of the Pearl Trident,0.41,LEA,C,Alpha
Mesa Pegasus,0.41,LEA,C,Alpha
Mind Twist,7.00,LEA,R,Alpha
Mons's Goblin Raiders,0.41,LEA,C,Alpha
Mox Emerald,12.50,LEA,R,Alpha
Mox Jet,12.50,LEA,R,Alpha
Mox Pearl,15.00,LEA,R,Alpha
Mox Ruby,15.00,LEA,R,Alpha
Mox Sapphire,15.00,LEA,R,Alpha
Natural Selection,7.25,LEA,R,Alpha
Nether Shadow,5.50,LEA,R,Alpha
Nettling Imp,2.00,LEA,U,Alpha
Nevinyrral's Disk,6.50,LEA,R,Alpha
Nightmare,15.00,LEA,R,Alpha
Northern Paladin,15.00,LEA,R,Alpha
Obsianus Golem,3.00,LEA,U,Alpha
Orcish Artillery,1.64,LEA,U,Alpha
Orcish Oriflamme,3.00,LEA,U,Alpha
Paralyze,0.41,LEA,C,Alpha
Pearled Unicorn,0.41,LEA,C,Alpha
Personal Incarnation,10.50,LEA,R,Alpha
Pestilence,0.41,LEA,C,Alpha
Phantasmal Forces,2.18,LEA,U,Alpha
Phantasmal Terrain,0.41,LEA,C,Alpha
Phantom Monster,2.00,LEA,U,Alpha
Pirate Ship,7.50,LEA,R,Alpha
Plague Rats,0.75,LEA,C,Alpha
Plateau,7.00,LEA,R,Alpha
Power Leak,0.41,LEA,C,Alpha
Power Sink,0.50,LEA,C,Alpha
Power Surge,5.00,LEA,R,Alpha
Prodigal Sorcerer,0.80,LEA,C,Alpha
Psionic Blast,2.00,LEA,U,Alpha
Psychic Venom,0.50,LEA,C,Alpha
Purelace,5.00,LEA,R,Alpha
Raging River,8.50,LEA,R,Alpha
Raise Dead,0.30,LEA,C,Alpha
Red Elemental Blast,0.41,LEA,C,Alpha
Red Ward,2.00,LEA,U,Alpha
Regeneration,0.30,LEA,C,Alpha
Regrowth,2.65,LEA,U,Alpha
Resurrection,2.00,LEA,U,Alpha
Reverse Damage,7.00,LEA,R,Alpha
Righteousness,7.25,LEA,R,Alpha
Roc of Kher Ridges,7.00,LEA,R,Alpha
Rock Hydra,13.50,LEA,R,Alpha
Rod of Ruin,2.00,LEA,U,Alpha
Royal Assassin,14.00,LEA,R,Alpha
Sacrifice,2.00,LEA,U,Alpha
Samite Healer,0.41,LEA,C,Alpha
Savannah,6.50,LEA,R,Alpha
Savannah Lions,5.50,LEA,R,Alpha
Scathe Zombies,0.41,LEA,C,Alpha
Scavenging Ghoul,2.00,LEA,U,Alpha
Scrubland,7.00,LEA,R,Alpha
Scryb Sprites,0.40,LEA,C,Alpha
Sea Serpent,0.50,LEA,C,Alpha
Sedge Troll,5.50,LEA,R,Alpha
Sengir Vampire,5.00,LEA,U,Alpha
Serra Angel,7.00,LEA,U,Alpha
Shanodin Dryads,0.50,LEA,C,Alpha
Shatter,0.50,LEA,C,Alpha
Shivan Dragon,22.00,LEA,R,Alpha
Simulacrum,1.50,LEA,U,Alpha
Sinkhole,0.83,LEA,C,Alpha
Siren's Call,2.00,LEA,U,Alpha
Sleight of Mind,6.00,LEA,R,Alpha
Smoke,6.00,LEA,R,Alpha
Sol Ring,4.00,LEA,U,Alpha
Soul Net,2.00,LEA,U,Alpha
Spell Blast,0.41,LEA,C,Alpha
Stasis,2.00,LEA,R,Alpha
Steal Artifact,2.00,LEA,U,Alpha
Stone Giant,2.00,LEA,U,Alpha
Stone Rain,0.50,LEA,C,Alpha
Stream of Life,0.41,LEA,C,Alpha
Sunglasses of Urza,7.00,LEA,R,Alpha
Swords to Plowshares,3.00,LEA,U,Alpha
Taiga,7.50,LEA,R,Alpha
Terror,0.41,LEA,C,Alpha
The Hive,8.00,LEA,R,Alpha
Thicket Basilisk,4.00,LEA,U,Alpha
Thoughtlace,5.00,LEA,R,Alpha
Throne of Bone,2.00,LEA,U,Alpha
Timber Wolves,7.00,LEA,R,Alpha
Time Vault,8.25,LEA,R,Alpha
Time Walk,11.00,LEA,R,Alpha
Timetwister,10.50,LEA,R,Alpha
Tranquility,0.41,LEA,C,Alpha
Tropical Island,7.13,LEA,R,Alpha
Tsunami,2.00,LEA,U,Alpha
Tundra,6.50,LEA,R,Alpha
Tunnel,2.00,LEA,U,Alpha
Twiddle,1.10,LEA,C,Alpha
Two-Headed Giant of Foriys,10.00,LEA,R,Alpha
Underground Sea,7.50,LEA,R,Alpha
Unholy Strength,0.41,LEA,C,Alpha
Unsummon,0.41,LEA,C,Alpha
Uthden Troll,3.00,LEA,U,Alpha
Verduran Enchantress,8.00,LEA,R,Alpha
Vesuvan Doppelganger,12.00,LEA,R,Alpha
Veteran Bodyguard,10.50,LEA,R,Alpha
Volcanic Eruption,6.00,LEA,R,Alpha
Wall of Air,2.00,LEA,U,Alpha
Wall of Bone,2.00,LEA,U,Alpha
Wall of Brambles,2.00,LEA,U,Alpha
Wall of Fire,2.00,LEA,U,Alpha
Wall of Ice,2.00,LEA,U,Alpha
Wall of Stone,2.00,LEA,U,Alpha
Wall of Swords,4.00,LEA,U,Alpha
Wall of Water,2.00,LEA,U,Alpha
Wall of Wood,0.41,LEA,C,Alpha
Wanderlust,2.00,LEA,U,Alpha
War Mammoth,0.41,LEA,C,Alpha
Warp Artifact,5.00,LEA,R,Alpha
Water Elemental,2.00,LEA,U,Alpha
Weakness,0.40,LEA,C,Alpha
Web,5.50,LEA,R,Alpha
Wheel of Fortune,6.00,LEA,R,Alpha
White Knight,4.00,LEA,U,Alpha
White Ward,2.00,LEA,U,Alpha
Wild Growth,0.41,LEA,C,Alpha
Will-o'-the-Wisp,7.50,LEA,R,Alpha
Winter Orb,6.00,LEA,R,Alpha
Wooden Sphere,2.00,LEA,U,Alpha
Word of Command,10.00,LEA,R,Alpha
Wrath of God,9.00,LEA,R,Alpha
Zombie Master,9.00,LEA,R,Alpha
Air Elemental,2.00,LEB,U,Beta
Ancestral Recall,7.75,LEB,R,Beta
Animate Artifact,1.50,LEB,U,Beta
Animate Dead,1.50,LEB,U,Beta
Animate Wall,5.00,LEB,R,Beta
Ankh of Mishra,4.75,LEB,R,Beta
Armageddon,7.50,LEB,R,Beta
Aspect of Wolf,6.50,LEB,R,Beta
Bad Moon,6.75,LEB,R,Beta
Badlands,6.50,LEB,R,Beta
Balance,5.50,LEB,R,Beta
Basalt Monolith,1.50,LEB,U,Beta
Bayou,6.50,LEB,R,Beta
Benalish Hero,0.40,LEB,C,Beta
Berserk,2.00,LEB,U,Beta
Birds of Paradise,5.50,LEB,R,Beta
Black Knight,3.00,LEB,U,Beta
Black Lotus,15.00,LEB,R,Beta
Black Vise,2.50,LEB,U,Beta
Black Ward,1.50,LEB,U,Beta
Blaze of Glory,6.00,LEB,R,Beta
Blessing,5.50,LEB,R,Beta
Blue Elemental Blast,0.35,LEB,C,Beta
Blue Ward,1.00,LEB,U,Beta
Bog Wraith,2.50,LEB,U,Beta
Braingeyser,7.00,LEB,R,Beta
Burrowing,1.00,LEB,U,Beta
Camouflage,1.25,LEB,U,Beta
Castle,2.00,LEB,U,Beta
Celestial Prism,2.00,LEB,U,Beta
Channel,2.25,LEB,U,Beta
Chaos Orb,9.00,LEB,R,Beta
Chaoslace,3.88,LEB,R,Beta
Circle of Protection: Black,0.50,LEB,C,Beta
Circle of Protection: Blue,0.38,LEB,C,Beta
Circle of Protection: Green,0.38,LEB,C,Beta
Circle of Protection: Red,0.38,LEB,C,Beta
Circle of Protection: White,0.38,LEB,C,Beta
Clockwork Beast,8.25,LEB,R,Beta
Clone,3.00,LEB,U,Beta
Cockatrice,7.50,LEB,R,Beta
Consecrate Land,2.00,LEB,U,Beta
Conservator,2.00,LEB,U,Beta
Contract from Below,4.75,LEB,R,Beta
Control Magic,3.00,LEB,U,Beta
Conversion,1.50,LEB,U,Beta
Copper Tablet,1.00,LEB,U,Beta
Copy Artifact,5.50,LEB,R,Beta
Counterspell,3.00,LEB,U,Beta
Craw Wurm,0.70,LEB,C,Beta
Creature Bond,0.35,LEB,C,Beta
Crusade,6.50,LEB,R,Beta
Crystal Rod,1.50,LEB,U,Beta
Cursed Land,1.50,LEB,U,Beta
Cyclopean Tomb,9.00,LEB,R,Beta
Dark Ritual,0.50,LEB,C,Beta
Darkpact,4.50,LEB,R,Beta
Death Ward,0.35,LEB,C,Beta
Deathgrip,1.50,LEB,U,Beta
Deathlace,3.88,LEB,R,Beta
Demonic Attorney,4.63,LEB,R,Beta
Demonic Hordes,8.65,LEB,R,Beta
Demonic Tutor,3.50,LEB,U,Beta
Dingus Egg,6.00,LEB,R,Beta
Disenchant,0.90,LEB,C,Beta
Disintegrate,0.70,LEB,C,Beta
Disrupting Scepter,5.00,LEB,R,Beta
Dragon Whelp,3.00,LEB,U,Beta
Drain Life,0.38,LEB,C,Beta
Drain Power,5.75,LEB,R,Beta
Drudge Skeletons,0.38,LEB,C,Beta
Dwarven Demolition Team,1.50,LEB,U,Beta
Dwarven Warriors,0.38,LEB,C,Beta
Earth Elemental,1.50,LEB,U,Beta
Earthbind,0.35,LEB,C,Beta
Earthquake,5.50,LEB,R,Beta
Elvish Archers,6.75,LEB,R,Beta
Evil Presence,1.20,LEB,U,Beta
False Orders,0.60,LEB,C,Beta
Farmstead,5.00,LEB,R,Beta
Fastbond,4.75,LEB,R,Beta
Fear,0.35,LEB,C,Beta
Feedback,1.00,LEB,U,Beta
Fire Elemental,2.00,LEB,U,Beta
Fireball,0.53,LEB,C,Beta
Firebreathing,0.35,LEB,C,Beta
Flashfires,1.90,LEB,U,Beta
Flight,0.35,LEB,C,Beta
Fog,0.35,LEB,C,Beta
Force of Nature,12.00,LEB,R,Beta
Forcefield,7.30,LEB,R,Beta
Fork,8.35,LEB,R,Beta
Frozen Shade,0.38,LEB,C,Beta
Fungusaur,7.50,LEB,R,Beta
Gaea's Liege,10.00,LEB,R,Beta
Gauntlet of Might,12.00,LEB,R,Beta
Giant Growth,0.35,LEB,C,Beta
Giant Spider,0.38,LEB,C,Beta
Glasses of Urza,1.50,LEB,U,Beta
Gloom,3.00,LEB,U,Beta
Goblin Balloon Brigade,1.25,LEB,U,Beta
Goblin King,7.25,LEB,R,Beta
Granite Gargoyle,6.25,LEB,R,Beta
Gray Ogre,0.35,LEB,C,Beta
Green Ward,1.00,LEB,U,Beta
Grizzly Bears,0.35,LEB,C,Beta
Guardian Angel,0.35,LEB,C,Beta
Healing Salve,0.38,LEB,C,Beta
Helm of Chatzuk,4.75,LEB,R,Beta
Hill Giant,0.35,LEB,C,Beta
Holy Armor,0.35,LEB,C,Beta
Holy Strength,0.35,LEB,C,Beta
Howl from Beyond,0.35,LEB,C,Beta
Howling Mine,6.00,LEB,R,Beta
Hurloon Minotaur,0.35,LEB,C,Beta
Hurricane,1.50,LEB,U,Beta
Hypnotic Specter,3.00,LEB,U,Beta
Ice Storm,1.50,LEB,U,Beta
Icy Manipulator,4.50,LEB,U,Beta
Illusionary Mask,6.00,LEB,R,Beta
Instill Energy,1.75,LEB,U,Beta
Invisibility,0.45,LEB,C,Beta
Iron Star,1.50,LEB,U,Beta
Ironroot Treefolk,0.35,LEB,C,Beta
Ironclaw Orcs,0.35,LEB,C,Beta
Island Sanctuary,5.00,LEB,R,Beta
Ivory Cup,1.50,LEB,U,Beta
Jade Monolith,4.75,LEB,R,Beta
Jade Statue,3.00,LEB,U,Beta
Jayemdae Tome,5.50,LEB,R,Beta
Juggernaut,2.50,LEB,U,Beta
Jump,0.35,LEB,C,Beta
Karma,1.80,LEB,U,Beta
Keldon Warlord,3.00,LEB,U,Beta
Kormus Bell,5.50,LEB,R,Beta
Kudzu,4.25,LEB,R,Beta
Lance,1.50,LEB,U,Beta
Ley Druid,1.50,LEB,U,Beta
Library of Leng,1.50,LEB,U,Beta
Lich,7.75,LEB,R,Beta
Lifeforce,1.50,LEB,U,Beta
Lifelace,4.00,LEB,R,Beta
Lifetap,1.50,LEB,U,Beta
Lightning Bolt,0.70,LEB,C,Beta
Living Artifact,5.50,LEB,R,Beta
Living Lands,5.00,LEB,R,Beta
Living Wall,1.80,LEB,U,Beta
Llanowar Elves,0.35,LEB,C,Beta
Lord of Atlantis,6.50,LEB,R,Beta
Lord of the Pit,9.65,LEB,R,Beta
Lure,1.50,LEB,U,Beta
Magical Hack,5.50,LEB,R,Beta
Mahamoti Djinn,9.00,LEB,R,Beta
Mana Flare,6.00,LEB,R,Beta
Mana Short,6.00,LEB,R,Beta
Mana Vault,4.75,LEB,R,Beta
Manabarbs,5.50,LEB,R,Beta
Meekstone,5.00,LEB,R,Beta
Merfolk of the Pearl Trident,0.35,LEB,C,Beta
Mesa Pegasus,0.38,LEB,C,Beta
Mind Twist,6.65,LEB,R,Beta
Mons's Goblin Raiders,0.35,LEB,C,Beta
Mox Emerald,12.50,LEB,R,Beta
Mox Jet,12.50,LEB,R,Beta
Mox Pearl,15.00,LEB,R,Beta
Mox Ruby,15.00,LEB,R,Beta
Mox Sapphire,15.00,LEB,R,Beta
Natural Selection,7.00,LEB,R,Beta
Nether Shadow,5.50,LEB,R,Beta
Nettling Imp,1.80,LEB,U,Beta
Nevinyrral's Disk,6.50,LEB,R,Beta
Nightmare,15.00,LEB,R,Beta
Northern Paladin,12.00,LEB,R,Beta
Obsianus Golem,2.00,LEB,U,Beta
Orcish Artillery,1.25,LEB,U,Beta
Orcish Oriflamme,1.90,LEB,U,Beta
Paralyze,0.35,LEB,C,Beta
Pearled Unicorn,0.35,LEB,C,Beta
Personal Incarnation,9.00,LEB,R,Beta
Pestilence,0.35,LEB,C,Beta
Phantasmal Forces,1.50,LEB,U,Beta
Phantasmal Terrain,0.38,LEB,C,Beta
Phantom Monster,1.80,LEB,U,Beta
Pirate Ship,6.00,LEB,R,Beta
Plague Rats,0.50,LEB,C,Beta
Plateau,6.50,LEB,R,Beta
Power Leak,0.35,LEB,C,Beta
Power Sink,0.38,LEB,C,Beta
Power Surge,4.75,LEB,R,Beta
Prodigal Sorcerer,0.75,LEB,C,Beta
Psionic Blast,1.50,LEB,U,Beta
Psychic Venom,0.38,LEB,C,Beta
Purelace,3.88,LEB,R,Beta
Raging River,6.50,LEB,R,Beta
Raise Dead,0.30,LEB,C,Beta
Red Elemental Blast,0.35,LEB,C,Beta
Red Ward,1.13,LEB,U,Beta
Regeneration,0.30,LEB,C,Beta
Regrowth,2.25,LEB,U,Beta
Resurrection,1.50,LEB,U,Beta
Reverse Damage,7.00,LEB,R,Beta
Righteousness,6.50,LEB,R,Beta
Roc of Kher Ridges,6.00,LEB,R,Beta
Rock Hydra,9.88,LEB,R,Beta
Rod of Ruin,1.50,LEB,U,Beta
Royal Assassin,11.50,LEB,R,Beta
Sacrifice,1.00,LEB,U,Beta
Samite Healer,0.35,LEB,C,Beta
Savannah,6.00,LEB,R,Beta
Savannah Lions,4.75,LEB,R,Beta
Scathe Zombies,0.35,LEB,C,Beta
Scavenging Ghoul,1.75,LEB,U,Beta
Scrubland,6.50,LEB,R,Beta
Scryb Sprites,0.35,LEB,C,Beta
Sea Serpent,0.53,LEB,C,Beta
Sedge Troll,5.50,LEB,R,Beta
Sengir Vampire,5.00,LEB,U,Beta
Serra Angel,5.00,LEB,U,Beta
Shanodin Dryads,0.35,LEB,C,Beta
Shatter,0.35,LEB,C,Beta
Shivan Dragon,15.30,LEB,R,Beta
Simulacrum,1.50,LEB,U,Beta
Sinkhole,0.70,LEB,C,Beta
Siren's Call,1.25,LEB,U,Beta
Sleight of Mind,5.50,LEB,R,Beta
Smoke,4.75,LEB,R,Beta
Sol Ring,3.00,LEB,U,Beta
Soul Net,2.00,LEB,U,Beta
Spell Blast,0.35,LEB,C,Beta
Stasis,4.75,LEB,R,Beta
Steal Artifact,2.00,LEB,U,Beta
Stone Giant,1.50,LEB,U,Beta
Stone Rain,0.50,LEB,C,Beta
Stream of Life,0.38,LEB,C,Beta
Sunglasses of Urza,6.00,LEB,R,Beta
Swords to Plowshares,2.00,LEB,U,Beta
Taiga,7.00,LEB,R,Beta
Terror,0.50,LEB,C,Beta
The Hive,6.25,LEB,R,Beta
Thicket Basilisk,3.25,LEB,U,Beta
Thoughtlace,3.13,LEB,R,Beta
Throne of Bone,1.50,LEB,U,Beta
Timber Wolves,6.00,LEB,R,Beta
Time Vault,7.50,LEB,R,Beta
Time Walk,10.00,LEB,R,Beta
Timetwister,10.00,LEB,R,Beta
Tranquility,0.38,LEB,C,Beta
Tropical Island,6.50,LEB,R,Beta
Tsunami,1.65,LEB,U,Beta
Tundra,6.00,LEB,R,Beta
Tunnel,1.00,LEB,U,Beta
Twiddle,0.75,LEB,C,Beta
Two-Headed Giant of Foriys,8.25,LEB,R,Beta
Underground Sea,7.00,LEB,R,Beta
Unholy Strength,0.35,LEB,C,Beta
Unsummon,0.35,LEB,C,Beta
Uthden Troll,2.00,LEB,U,Beta
Verduran Enchantress,6.25,LEB,R,Beta
Vesuvan Doppelganger,12.00,LEB,R,Beta
Veteran Bodyguard,9.38,LEB,R,Beta
Volcanic Eruption,4.75,LEB,R,Beta
Volcanic Island,7.50,LEB,R,Beta
Wall of Air,1.50,LEB,U,Beta
Wall of Bone,1.75,LEB,U,Beta
Wall of Brambles,1.50,LEB,U,Beta
Wall of Fire,1.75,LEB,U,Beta
Wall of Ice,1.75,LEB,U,Beta
Wall of Stone,2.00,LEB,U,Beta
Wall of Swords,3.00,LEB,U,Beta
Wall of Water,2.00,LEB,U,Beta
Wall of Wood,0.35,LEB,C,Beta
Wanderlust,1.50,LEB,U,Beta
War Mammoth,0.35,LEB,C,Beta
Warp Artifact,4.00,LEB,R,Beta
Water Elemental,1.80,LEB,U,Beta
Weakness,0.35,LEB,C,Beta
Web,4.50,LEB,R,Beta
Wheel of Fortune,6.00,LEB,R,Beta
White Knight,3.00,LEB,U,Beta
White Ward,1.00,LEB,U,Beta
Wild Growth,0.35,LEB,C,Beta
Will-o'-the-Wisp,5.88,LEB,R,Beta
Winter Orb,5.00,LEB,R,Beta
Wooden Sphere,1.50,LEB,U,Beta
Word of Command,10.00,LEB,R,Beta
Wrath of God,7.00,LEB,R,Beta
Zombie Master,7.50,LEB,R,Beta
Air Elemental,1.75,2ED,U,Unlimited
Ancestral Recall,6.00,2ED,R,Unlimited
Animate Artifact,1.00,2ED,U,Unlimited
Animate Dead,1.10,2ED,U,Unlimited
Animate Wall,4.00,2ED,R,Unlimited
Ankh of Mishra,3.00,2ED,R,Unlimited
Armageddon,7.00,2ED,R,Unlimited
Aspect of Wolf,5.50,2ED,R,Unlimited
Bad Moon,7.00,2ED,R,Unlimited
Badlands,6.00,2ED,R,Unlimited
Balance,5.00,2ED,R,Unlimited
Basalt Monolith,1.00,2ED,U,Unlimited
Bayou,6.00,2ED,R,Unlimited
Benalish Hero,0.25,2ED,C,Unlimited
Berserk,1.50,2ED,U,Unlimited
Birds of Paradise,6.00,2ED,R,Unlimited
Black Knight,2.30,2ED,U,Unlimited
Black Lotus,12.30,2ED,R,Unlimited
Black Vise,2.00,2ED,U,Unlimited
Black Ward,1.00,2ED,U,Unlimited
Blaze of Glory,5.00,2ED,R,Unlimited
Blessing,5.00,2ED,R,Unlimited
Blue Elemental Blast,5.00,2ED,C,Unlimited
Blue Ward,0.25,2ED,U,Unlimited
Bog Wraith,2.00,2ED,U,Unlimited
Braingeyser,7.00,2ED,R,Unlimited
Burrowing,1.00,2ED,U,Unlimited
Camouflage,1.00,2ED,U,Unlimited
Castle,1.50,2ED,U,Unlimited
Celestial Prism,1.30,2ED,U,Unlimited
Channel,2.00,2ED,U,Unlimited
Chaos Orb,6.00,2ED,R,Unlimited
Chaoslace,3.00,2ED,R,Unlimited
Circle of Protection: Black,0.25,2ED,C,Unlimited
Circle of Protection: Blue,0.25,2ED,C,Unlimited
Circle of Protection: Green,0.25,2ED,C,Unlimited
Circle of Protection: Red,0.25,2ED,C,Unlimited
Circle of Protection: White,0.25,2ED,C,Unlimited
Clockwork Beast,7.00,2ED,R,Unlimited
Clone,2.00,2ED,U,Unlimited
Cockatrice,7.00,2ED,R,Unlimited
Consecrate Land,1.00,2ED,U,Unlimited
Conservator,1.10,2ED,U,Unlimited
Contract from Below,4.00,2ED,R,Unlimited
Control Magic,2.00,2ED,U,Unlimited
Conversion,1.10,2ED,U,Unlimited
Copper Tablet,0.50,2ED,U,Unlimited
Copy Artifact,5.00,2ED,R,Unlimited
Counterspell,2.00,2ED,U,Unlimited
Craw Wurm,0.50,2ED,C,Unlimited
Creature Bond,0.25,2ED,C,Unlimited
Crusade,6.00,2ED,R,Unlimited
Crystal Rod,1.00,2ED,U,Unlimited
Cursed Land,1.00,2ED,U,Unlimited
Cyclopean Tomb,6.00,2ED,R,Unlimited
Dark Ritual,0.25,2ED,C,Unlimited
Darkpact,4.00,2ED,R,Unlimited
Death Ward,0.25,2ED,C,Unlimited
Deathgrip,1.00,2ED,U,Unlimited
Deathlace,3.00,2ED,R,Unlimited
Demonic Attorney,4.00,2ED,R,Unlimited
Demonic Hordes,8.00,2ED,R,Unlimited
Demonic Tutor,3.00,2ED,U,Unlimited
Dingus Egg,4.00,2ED,R,Unlimited
Disenchant,0.25,2ED,C,Unlimited
Disintegrate,5.00,2ED,C,Unlimited
Disrupting Scepter,4.00,2ED,R,Unlimited
Dragon Whelp,3.00,2ED,U,Unlimited
Drain Life,0.25,2ED,C,Unlimited
Drain Power,5.00,2ED,R,Unlimited
Drudge Skeletons,0.25,2ED,C,Unlimited
Dwarven Demolition Team,1.25,2ED,U,Unlimited
Dwarven Warriors,0.25,2ED,C,Unlimited
Earth Elemental,1.00,2ED,U,Unlimited
Earthbind,0.25,2ED,C,Unlimited
Earthquake,5.00,2ED,R,Unlimited
Elvish Archers,5.00,2ED,R,Unlimited
Evil Presence,1.00,2ED,U,Unlimited
False Orders,0.25,2ED,C,Unlimited
Farmstead,5.00,2ED,R,Unlimited
Fastbond,4.00,2ED,R,Unlimited
Fear,0.25,2ED,C,Unlimited
Feedback,0.75,2ED,U,Unlimited
Fire Elemental,1.20,2ED,U,Unlimited
Fireball,0.50,2ED,C,Unlimited
Firebreathing,0.25,2ED,C,Unlimited
Flashfires,1.30,2ED,U,Unlimited
Flight,0.25,2ED,C,Unlimited
Fog,0.25,2ED,C,Unlimited
Force of Nature,10.00,2ED,R,Unlimited
Forcefield,7.00,2ED,R,Unlimited
Fork,7.00,2ED,R,Unlimited
Frozen Shade,0.25,2ED,C,Unlimited
Fungusaur,5.50,2ED,R,Unlimited
Gaea's Liege,8.00,2ED,R,Unlimited
Gauntlet of Might,7.30,2ED,R,Unlimited
Giant Growth,0.25,2ED,C,Unlimited
Giant Spider,0.25,2ED,C,Unlimited
Glasses of Urza,1.00,2ED,U,Unlimited
Gloom,2.00,2ED,U,Unlimited
Goblin Balloon Brigade,1.00,2ED,U,Unlimited
Goblin King,7.00,2ED,R,Unlimited
Granite Gargoyle,6.00,2ED,R,Unlimited
Gray Ogre,0.25,2ED,C,Unlimited
Green Ward,1.00,2ED,U,Unlimited
Grizzly Bears,0.25,2ED,C,Unlimited
Guardian Angel,0.25,2ED,C,Unlimited
Healing Salve,0.25,2ED,C,Unlimited
Helm of Chatzuk,4.50,2ED,R,Unlimited
Hill Giant,0.25,2ED,C,Unlimited
Holy Armor,0.25,2ED,C,Unlimited
Holy Strength,0.25,2ED,C,Unlimited
Howl from Beyond,0.25,2ED,C,Unlimited
Howling Mine,5.00,2ED,R,Unlimited
Hurloon Minotaur,0.25,2ED,C,Unlimited
Hurricane,1.00,2ED,U,Unlimited
Hypnotic Specter,3.00,2ED,U,Unlimited
Ice Storm,1.50,2ED,U,Unlimited
Icy Manipulator,3.00,2ED,U,Unlimited
Illusionary Mask,5.00,2ED,R,Unlimited
Instill Energy,2.00,2ED,U,Unlimited
Invisibility,0.25,2ED,C,Unlimited
Iron Star,1.00,2ED,U,Unlimited
Ironroot Treefolk,0.25,2ED,C,Unlimited
Ironclaw Orcs,0.25,2ED,C,Unlimited
Island Sanctuary,5.00,2ED,R,Unlimited
Ivory Cup,1.00,2ED,U,Unlimited
Jade Monolith,3.00,2ED,R,Unlimited
Jade Statue,2.30,2ED,U,Unlimited
Jayemdae Tome,4.50,2ED,R,Unlimited
Juggernaut,2.00,2ED,U,Unlimited
Jump,0.25,2ED,C,Unlimited
Karma,1.50,2ED,U,Unlimited
Keldon Warlord,1.80,2ED,U,Unlimited
Kormus Bell,5.00,2ED,R,Unlimited
Kudzu,4.00,2ED,R,Unlimited
Lance,1.00,2ED,U,Unlimited
Ley Druid,1.00,2ED,U,Unlimited
Library of Leng,1.50,2ED,U,Unlimited
Lich,6.00,2ED,R,Unlimited
Lifeforce,1.25,2ED,U,Unlimited
Lifelace,3.00,2ED,R,Unlimited
Lifetap,1.00,2ED,U,Unlimited
Lightning Bolt,0.50,2ED,C,Unlimited
Living Artifact,4.30,2ED,R,Unlimited
Living Lands,5.00,2ED,R,Unlimited
Living Wall,1.50,2ED,U,Unlimited
Llanowar Elves,0.25,2ED,C,Unlimited
Lord of Atlantis,6.00,2ED,R,Unlimited
Lord of the Pit,8.30,2ED,R,Unlimited
Lure,1.10,2ED,U,Unlimited
Magical Hack,5.00,2ED,R,Unlimited
Mahamoti Djinn,8.00,2ED,R,Unlimited
Mana Flare,5.00,2ED,R,Unlimited
Mana Short,5.00,2ED,R,Unlimited
Mana Vault,5.00,2ED,R,Unlimited
Manabarbs,4.00,2ED,R,Unlimited
Meekstone,5.00,2ED,R,Unlimited
Merfolk of the Pearl Trident,0.25,2ED,C,Unlimited
Mesa Pegasus,0.25,2ED,C,Unlimited
Mind Twist,6.00,2ED,R,Unlimited
Mons's Goblin Raiders,0.25,2ED,C,Unlimited
Mox Emerald,12.00,2ED,R,Unlimited
Mox Jet,12.30,2ED,R,Unlimited
Mox Pearl,12.00,2ED,R,Unlimited
Mox Ruby,12.30,2ED,R,Unlimited
Mox Sapphire,12.30,2ED,R,Unlimited
Natural Selection,4.50,2ED,R,Unlimited
Nether Shadow,4.00,2ED,R,Unlimited
Nettling Imp,1.50,2ED,U,Unlimited
Nevinyrral's Disk,6.00,2ED,R,Unlimited
Nightmare,11.00,2ED,R,Unlimited
Northern Paladin,8.00,2ED,R,Unlimited
Obsianus Golem,1.50,2ED,U,Unlimited
Orcish Artillery,1.00,2ED,U,Unlimited
Orcish Oriflamme,1.50,2ED,U,Unlimited
Paralyze,0.25,2ED,C,Unlimited
Pearled Unicorn,0.25,2ED,C,Unlimited
Personal Incarnation,8.00,2ED,R,Unlimited
Pestilence,0.25,2ED,C,Unlimited
Phantasmal Forces,1.00,2ED,U,Unlimited
Phantasmal Terrain,0.25,2ED,C,Unlimited
Phantom Monster,1.10,2ED,U,Unlimited
Pirate Ship,5.00,2ED,R,Unlimited
Plague Rats,0.50,2ED,C,Unlimited
Plateau,6.00,2ED,R,Unlimited
Power Leak,0.25,2ED,C,Unlimited
Power Sink,0.25,2ED,C,Unlimited
Power Surge,4.00,2ED,R,Unlimited
Prodigal Sorcerer,0.50,2ED,C,Unlimited
Psionic Blast,1.00,2ED,U,Unlimited
Psychic Venom,0.25,2ED,C,Unlimited
Purelace,3.00,2ED,R,Unlimited
Raging River,5.30,2ED,R,Unlimited
Raise Dead,0.25,2ED,C,Unlimited
Red Elemental Blast,0.25,2ED,C,Unlimited
Red Ward,1.00,2ED,U,Unlimited
Regeneration,0.25,2ED,C,Unlimited
Regrowth,1.50,2ED,U,Unlimited
Resurrection,1.00,2ED,U,Unlimited
Reverse Damage,6.00,2ED,R,Unlimited
Righteousness,4.00,2ED,R,Unlimited
Roc of Kher Ridges,4.00,2ED,R,Unlimited
Rock Hydra,8.00,2ED,R,Unlimited
Rod of Ruin,1.00,2ED,U,Unlimited
Royal Assassin,8.00,2ED,R,Unlimited
Sacrifice,1.00,2ED,U,Unlimited
Samite Healer,0.25,2ED,C,Unlimited
Savannah,5.00,2ED,R,Unlimited
Savannah Lions,4.00,2ED,R,Unlimited
Scathe Zombies,0.25,2ED,C,Unlimited
Scavenging Ghoul,1.00,2ED,U,Unlimited
Scrubland,6.00,2ED,R,Unlimited
Scryb Sprites,0.25,2ED,C,Unlimited
Sea Serpent,0.25,2ED,C,Unlimited
Sedge Troll,5.00,2ED,R,Unlimited
Sengir Vampire,4.00,2ED,U,Unlimited
Serra Angel,4.00,2ED,U,Unlimited
Shanodin Dryads,0.25,2ED,C,Unlimited
Shatter,0.25,2ED,C,Unlimited
Shivan Dragon,13.00,2ED,R,Unlimited
Simulacrum,1.00,2ED,U,Unlimited
Sinkhole,0.25,2ED,C,Unlimited
Siren's Call,1.00,2ED,U,Unlimited
Sleight of Mind,5.00,2ED,R,Unlimited
Smoke,4.00,2ED,R,Unlimited
Sol Ring,3.00,2ED,U,Unlimited
Soul Net,1.30,2ED,U,Unlimited
Spell Blast,0.25,2ED,C,Unlimited
Stasis,4.00,2ED,R,Unlimited
Steal Artifact,1.80,2ED,U,Unlimited
Stone Giant,1.00,2ED,U,Unlimited
Stone Rain,0.25,2ED,C,Unlimited
Stream of Life,0.25,2ED,C,Unlimited
Sunglasses of Urza,6.00,2ED,R,Unlimited
Swords to Plowshares,1.50,2ED,U,Unlimited
Taiga,7.00,2ED,R,Unlimited
Terror,0.25,2ED,C,Unlimited
The Hive,5.75,2ED,R,Unlimited
Thicket Basilisk,2.50,2ED,U,Unlimited
Thoughtlace,3.00,2ED,R,Unlimited
Throne of Bone,1.50,2ED,U,Unlimited
Timber Wolves,5.00,2ED,R,Unlimited
Time Vault,6.00,2ED,R,Unlimited
Time Walk,7.00,2ED,R,Unlimited
Timetwister,7.00,2ED,R,Unlimited
Tranquility,0.25,2ED,C,Unlimited
Tropical Island,6.00,2ED,R,Unlimited
Tsunami,1.00,2ED,U,Unlimited
Tundra,5.00,2ED,R,Unlimited
Tunnel,1.00,2ED,U,Unlimited
Twiddle,0.25,2ED,C,Unlimited
Two-Headed Giant of Foriys,7.00,2ED,R,Unlimited
Underground Sea,7.00,2ED,R,Unlimited
Unholy Strength,0.25,2ED,C,Unlimited
Unsummon,0.25,2ED,C,Unlimited
Uthden Troll,1.50,2ED,U,Unlimited
Verduran Enchantress,6.00,2ED,R,Unlimited
Vesuvan Doppelganger,8.00,2ED,R,Unlimited
Veteran Bodyguard,7.30,2ED,R,Unlimited
Volcanic Eruption,6.00,2ED,R,Unlimited
Volcanic Island,7.00,2ED,R,Unlimited
Wall of Air,1.00,2ED,U,Unlimited
Wall of Bone,1.10,2ED,U,Unlimited
Wall of Brambles,1.00,2ED,U,Unlimited
Wall of Fire,1.00,2ED,U,Unlimited
Wall of Ice,1.00,2ED,U,Unlimited
Wall of Stone,1.10,2ED,U,Unlimited
Wall of Swords,2.25,2ED,U,Unlimited
Wall of Water,1.00,2ED,U,Unlimited
Wall of Wood,0.25,2ED,C,Unlimited
Wanderlust,1.00,2ED,U,Unlimited
War Mammoth,0.25,2ED,C,Unlimited
Warp Artifact,3.50,2ED,R,Unlimited
Water Elemental,1.10,2ED,U,Unlimited
Weakness,0.25,2ED,C,Unlimited
Web,4.00,2ED,R,Unlimited
Wheel of Fortune,6.00,2ED,R,Unlimited
White Knight,2.50,2ED,U,Unlimited
White Ward,1.00,2ED,U,Unlimited
Wild Growth,0.25,2ED,C,Unlimited
Will-o'-the-Wisp,6.00,2ED,R,Unlimited
Winter Orb,5.00,2ED,R,Unlimited
Wooden Sphere,1.00,2ED,U,Unlimited
Word of Command,6.00,2ED,R,Unlimited
Wrath of God,7.00,2ED,R,Unlimited
Zombie Master,7.00,2ED,R,Unlimited
Air Elemental,1.50,3ED,U,Revised
Aladdin's Lamp,5.00,3ED,R,Revised
Aladdin's Ring,5.00,3ED,R,Revised
Animate Artifact,1.00,3ED,U,Revised
Animate Dead,1.00,3ED,U,Revised
Animate Wall,4.00,3ED,R,Revised
Ankh of Mishra,3.00,3ED,R,Revised
Armageddon,5.00,3ED,R,Revised
Armageddon Clock,5.00,3ED,R,Revised
Aspect of Wolf,6.00,3ED,R,Revised
Atog,0.35,3ED,C,Revised
Bad Moon,6.00,3ED,R,Revised
Badlands,5.00,3ED,R,Revised
Balance,5.00,3ED,R,Revised
Basalt Monolith,1.00,3ED,U,Revised
Bayou,6.00,3ED,R,Revised
Benalish Hero,0.35,3ED,C,Revised
Birds of Paradise,5.00,3ED,R,Revised
Black Knight,2.50,3ED,U,Revised
Black Vise,2.00,3ED,U,Revised
Black Ward,1.00,3ED,U,Revised
Blessing,5.00,3ED,R,Revised
Blue Elemental Blast,0.25,3ED,C,Revised
Blue Ward,1.00,3ED,U,Revised
Bog Wraith,2.00,3ED,U,Revised
Bottle of Suleiman,4.00,3ED,R,Revised
Braingeyser,5.00,3ED,R,Revised
Brass Man,1.00,3ED,U,Revised
Burrowing,1.00,3ED,U,Revised
Castle,1.20,3ED,U,Revised
Celestial Prism,1.50,3ED,U,Revised
Channel,1.50,3ED,U,Revised
Chaoslace,3.00,3ED,R,Revised
Circle of Protection: Black,0.25,3ED,C,Revised
Circle of Protection: Blue,0.25,3ED,C,Revised
Circle of Protection: Green,0.25,3ED,C,Revised
Circle of Protection: Red,0.25,3ED,C,Revised
Circle of Protection: White,0.25,3ED,C,Revised
Clockwork Beast,6.00,3ED,R,Revised
Clone,2.00,3ED,U,Revised
Cockatrice,5.00,3ED,R,Revised
Conservator,1.00,3ED,U,Revised
Contract from Below,4.00,3ED,R,Revised
Control Magic,1.50,3ED,U,Revised
Conversion,1.00,3ED,U,Revised
Copy Artifact,5.00,3ED,R,Revised
Counterspell,2.00,3ED,U,Revised
Craw Wurm,0.50,3ED,C,Revised
Creature Bond,0.25,3ED,C,Revised
Crumble,0.50,3ED,U,Revised
Crusade,6.00,3ED,R,Revised
Crystal Rod,1.00,3ED,U,Revised
Cursed Land,1.00,3ED,U,Revised
Dancing Scimitar,4.00,3ED,R,Revised
Dark Ritual,0.35,3ED,C,Revised
Darkpact,3.00,3ED,R,Revised
Death Ward,0.25,3ED,C,Revised
Deathgrip,1.00,3ED,U,Revised
Deathlace,3.00,3ED,R,Revised
Demonic Attorney,3.00,3ED,R,Revised
Demonic Hordes,6.00,3ED,R,Revised
Demonic Tutor,2.00,3ED,U,Revised
Desert Twister,3.00,3ED,U,Revised
Dingus Egg,3.50,3ED,R,Revised
Disenchant,0.50,3ED,C,Revised
Disintegrate,0.50,3ED,C,Revised
Disrupting Scepter,4.00,3ED,R,Revised
Dragon Engine,2.50,3ED,R,Revised
Dragon Whelp,2.00,3ED,U,Revised
Drain Life,0.25,3ED,C,Revised
Drain Power,5.00,3ED,R,Revised
Drudge Skeletons,0.25,3ED,C,Revised
Dwarven Warriors,0.25,3ED,C,Revised
Dwarven Weaponsmith,1.00,3ED,U,Revised
Earth Elemental,1.00,3ED,U,Revised
Earthbind,0.25,3ED,C,Revised
Earthquake,4.00,3ED,R,Revised
Ebony Horse,5.00,3ED,R,Revised
El-Hajjâj,4.00,3ED,R,Revised
Elvish Archers,5.00,3ED,R,Revised
Energy Flux,1.00,3ED,U,Revised
Erg Raiders,0.35,3ED,C,Revised
Evil Presence,1.00,3ED,U,Revised
Eye for an Eye,4.00,3ED,R,Revised
Farmstead,5.00,3ED,R,Revised
Fastbond,4.00,3ED,R,Revised
Fear,0.25,3ED,C,Revised
Feedback,1.00,3ED,U,Revised
Fire Elemental,1.00,3ED,U,Revised
Fireball,0.50,3ED,C,Revised
Firebreathing,0.25,3ED,C,Revised
Flashfires,1.20,3ED,U,Revised
Flight,0.25,3ED,C,Revised
Flying Carpet,4.00,3ED,R,Revised
Fog,0.25,3ED,C,Revised
Force of Nature,10.00,3ED,R,Revised
Fork,8.00,3ED,R,Revised
Frozen Shade,0.25,3ED,C,Revised
Fungusaur,5.00,3ED,R,Revised
Gaea's Liege,6.00,3ED,R,Revised
Giant Growth,0.25,3ED,C,Revised
Giant Spider,0.25,3ED,C,Revised
Glasses of Urza,1.00,3ED,U,Revised
Gloom,2.00,3ED,U,Revised
Goblin Balloon Brigade,1.00,3ED,U,Revised
Goblin King,6.00,3ED,R,Revised
Granite Gargoyle,7.00,3ED,R,Revised
Gray Ogre,0.35,3ED,C,Revised
Green Ward,1.00,3ED,U,Revised
Grizzly Bears,0.25,3ED,C,Revised
Guardian Angel,0.25,3ED,C,Revised
Healing Salve,0.25,3ED,C,Revised
Helm of Chatzuk,4.00,3ED,R,Revised
Hill Giant,0.35,3ED,C,Revised
Holy Armor,0.25,3ED,C,Revised
Holy Strength,0.25,3ED,C,Revised
Howl from Beyond,0.35,3ED,C,Revised
Howling Mine,4.00,3ED,R,Revised
Hurkyl's Recall,5.00,3ED,R,Revised
Hurloon Minotaur,0.35,3ED,C,Revised
Hurricane,1.20,3ED,U,Revised
Hypnotic Specter,2.50,3ED,U,Revised
Instill Energy,1.50,3ED,U,Revised
Iron Star,1.00,3ED,U,Revised
Ironroot Treefolk,0.25,3ED,C,Revised
Island Fish Jasconius,5.00,3ED,R,Revised
Island Sanctuary,4.00,3ED,R,Revised
Ivory Cup,1.00,3ED,U,Revised
Ivory Tower,3.50,3ED,R,Revised
Jade Monolith,3.00,3ED,R,Revised
Jandor's Ring,3.00,3ED,R,Revised
Jandor's Saddlebags,3.00,3ED,R,Revised
Jayemdae Tome,4.00,3ED,R,Revised
Juggernaut,2.00,3ED,U,Revised
Jump,0.25,3ED,C,Revised
Karma,2.00,3ED,U,Revised
Keldon Warlord,2.00,3ED,U,Revised
Kird Ape,0.55,3ED,C,Revised
Kormus Bell,5.00,3ED,R,Revised
Kudzu,3.00,3ED,R,Revised
Lance,1.00,3ED,U,Revised
Ley Druid,1.00,3ED,U,Revised
Library of Leng,1.00,3ED,U,Revised
Lifeforce,1.00,3ED,U,Revised
Lifelace,3.00,3ED,R,Revised
Lifetap,1.00,3ED,U,Revised
Lightning Bolt,0.50,3ED,C,Revised
Living Artifact,4.00,3ED,R,Revised
Living Lands,5.00,3ED,R,Revised
Living Wall,1.50,3ED,U,Revised
Llanowar Elves,0.25,3ED,C,Revised
Lord of Atlantis,6.00,3ED,R,Revised
Lord of the Pit,10.00,3ED,R,Revised
Lure,1.50,3ED,U,Revised
Magical Hack,6.00,3ED,R,Revised
Magnetic Mountain,4.00,3ED,R,Revised
Mahamoti Djinn,8.00,3ED,R,Revised
Mana Flare,5.00,3ED,R,Revised
Mana Short,4.00,3ED,R,Revised
Mana Vault,3.00,3ED,R,Revised
Manabarbs,4.00,3ED,R,Revised
Meekstone,5.00,3ED,R,Revised
Merfolk of the Pearl Trident,0.35,3ED,C,Revised
Mesa Pegasus,0.25,3ED,C,Revised
Mijae Djinn,5.00,3ED,R,Revised
Millstone,3.00,3ED,R,Revised
Mind Twist,6.00,3ED,R,Revised
Mishra's War Machine,5.00,3ED,R,Revised
Mons's Goblin Raiders,0.35,3ED,C,Revised
Nether Shadow,4.00,3ED,R,Revised
Nettling Imp,1.50,3ED,U,Revised
Nevinyrral's Disk,6.00,3ED,R,Revised
Nightmare,10.00,3ED,R,Revised
Northern Paladin,9.00,3ED,R,Revised
Obsianus Golem,1.50,3ED,U,Revised
Onulet,2.00,3ED,R,Revised
Orcish Artillery,1.00,3ED,U,Revised
Orcish Oriflamme,2.00,3ED,U,Revised
Ornithopter,1.00,3ED,U,Revised
Paralyze,0.25,3ED,C,Revised
Pearled Unicorn,0.25,3ED,C,Revised
Personal Incarnation,8.00,3ED,R,Revised
Pestilence,0.25,3ED,C,Revised
Phantasmal Forces,1.00,3ED,U,Revised
Phantasmal Terrain,0.25,3ED,C,Revised
Phantom Monster,1.00,3ED,U,Revised
Pirate Ship,4.00,3ED,R,Revised
Plague Rats,0.50,3ED,C,Revised
Plateau,6.00,3ED,R,Revised
Power Leak,0.25,3ED,C,Revised
Power Sink,0.25,3ED,C,Revised
Power Surge,4.00,3ED,R,Revised
Primal Clay,2.25,3ED,R,Revised
Prodigal Sorcerer,0.50,3ED,C,Revised
Psychic Venom,0.50,3ED,C,Revised
Purelace,3.00,3ED,R,Revised
Raise Dead,0.25,3ED,C,Revised
Reconstruction,0.30,3ED,C,Revised
Red Elemental Blast,0.25,3ED,C,Revised
Red Ward,1.00,3ED,U,Revised
Regeneration,0.25,3ED,C,Revised
Regrowth,1.50,3ED,U,Revised
Resurrection,1.00,3ED,U,Revised
Reverse Damage,7.00,3ED,R,Revised
Reverse Polarity,1.00,3ED,U,Revised
Righteousness,6.00,3ED,R,Revised
Roc of Kher Ridges,4.00,3ED,R,Revised
Rock Hydra,10.00,3ED,R,Revised
Rocket Launcher,4.00,3ED,R,Revised
Rod of Ruin,1.00,3ED,U,Revised
Royal Assassin,10.00,3ED,R,Revised
Sacrifice,1.00,3ED,U,Revised
Samite Healer,0.35,3ED,C,Revised
Savannah,6.00,3ED,R,Revised
Savannah Lions,3.00,3ED,R,Revised
Scathe Zombies,0.25,3ED,C,Revised
Scavenging Ghoul,1.20,3ED,U,Revised
Scrubland,6.00,3ED,R,Revised
Scryb Sprites,0.35,3ED,C,Revised
Sea Serpent,0.25,3ED,C,Revised
Sedge Troll,5.00,3ED,R,Revised
Sengir Vampire,3.00,3ED,U,Revised
Serendib Efreet,4.00,3ED,R,Revised
Serra Angel,4.00,3ED,U,Revised
Shanodin Dryads,0.35,3ED,C,Revised
Shatter,0.25,3ED,C,Revised
Shatterstorm,3.00,3ED,U,Revised
Shivan Dragon,10.00,3ED,R,Revised
Simulacrum,1.00,3ED,U,Revised
Siren's Call,1.00,3ED,U,Revised
Sleight of Mind,5.00,3ED,R,Revised
Smoke,4.00,3ED,R,Revised
Sol Ring,2.00,3ED,U,Revised
Sorceress Queen,5.00,3ED,R,Revised
Soul Net,1.00,3ED,U,Revised
Spell Blast,0.25,3ED,C,Revised
Stasis,3.50,3ED,R,Revised
Steal Artifact,1.50,3ED,U,Revised
Stone Giant,1.00,3ED,U,Revised
Stone Rain,0.50,3ED,C,Revised
Stream of Life,0.25,3ED,C,Revised
Sunglasses of Urza,6.00,3ED,R,Revised
Swords to Plowshares,1.50,3ED,U,Revised
Taiga,6.00,3ED,R,Revised
Terror,0.50,3ED,C,Revised
The Hive,5.00,3ED,R,Revised
The Rack,2.00,3ED,U,Revised
Thicket Basilisk,2.50,3ED,U,Revised
Thoughtlace,3.00,3ED,R,Revised
Throne of Bone,1.00,3ED,U,Revised
Timber Wolves,4.00,3ED,R,Revised
Titania's Song,2.50,3ED,R,Revised
Tranquility,0.25,3ED,C,Revised
Tropical Island,6.00,3ED,R,Revised
Tsunami,1.20,3ED,U,Revised
Tundra,6.00,3ED,R,Revised
Tunnel,1.00,3ED,U,Revised
Underground Sea,6.00,3ED,R,Revised
Unholy Strength,0.25,3ED,C,Revised
Unstable Mutation,0.43,3ED,C,Revised
Unsummon,0.25,3ED,C,Revised
Uthden Troll,1.50,3ED,U,Revised
Verduran Enchantress,4.00,3ED,R,Revised
Vesuvan Doppelganger,8.00,3ED,R,Revised
Veteran Bodyguard,8.00,3ED,R,Revised
Volcanic Eruption,6.00,3ED,R,Revised
Volcanic Island,7.00,3ED,R,Revised
Wall of Air,1.00,3ED,U,Revised
Wall of Bone,1.20,3ED,U,Revised
Wall of Brambles,1.00,3ED,U,Revised
Wall of Fire,1.00,3ED,U,Revised
Wall of Ice,1.00,3ED,U,Revised
Wall of Stone,1.00,3ED,U,Revised
Wall of Swords,2.00,3ED,U,Revised
Wall of Water,1.00,3ED,U,Revised
Wall of Wood,0.25,3ED,C,Revised
Wanderlust,1.00,3ED,U,Revised
War Mammoth,0.25,3ED,C,Revised
Warp Artifact,3.00,3ED,R,Revised
Water Elemental,1.20,3ED,U,Revised
Weakness,0.25,3ED,C,Revised
Web,3.00,3ED,R,Revised
Wheel of Fortune,6.00,3ED,R,Revised
White Knight,2.50,3ED,U,Revised
White Ward,1.00,3ED,U,Revised
Wild Growth,0.25,3ED,C,Revised
Will-o'-the-Wisp,7.00,3ED,R,Revised
Winter Orb,4.00,3ED,R,Revised
Wooden Sphere,1.00,3ED,U,Revised
Wrath of God,7.00,3ED,R,Revised
Zombie Master,7.00,3ED,R,Revised
Abu Ja'far,5.00,ARN,U3,Arabian Nights
Aladdin,4.00,ARN,U2,Arabian Nights
Aladdin's Lamp,5.00,ARN,U2,Arabian Nights
Aladdin's Ring,5.00,ARN,U2,Arabian Nights
Ali Baba,3.00,ARN,U3,Arabian Nights
Ali from Cairo,8.00,ARN,U2,Arabian Nights
Army of Allah,0.50,ARN,C4,Arabian Nights
Bazaar of Baghdad,3.00,ARN,U3,Arabian Nights
Bird Maiden,0.50,ARN,C4,Arabian Nights
Bottle of Suleiman,5.00,ARN,U2,Arabian Nights
Brass Man,2.00,ARN,U3,Arabian Nights
Camel,0.50,ARN,C5,Arabian Nights
City in a Bottle,5.00,ARN,U2,Arabian Nights
City of Brass,3.00,ARN,U3,Arabian Nights
Cuombajj Witches,0.50,ARN,C4,Arabian Nights
Cyclone,2.00,ARN,U3,Arabian Nights
Dancing Scimitar,5.00,ARN,U2,Arabian Nights
Dandân,0.50,ARN,C4,Arabian Nights
Desert,0.50,ARN,C11,Arabian Nights
Desert Nomads,0.50,ARN,C4,Arabian Nights
Desert Twister,4.00,ARN,U3,Arabian Nights
Diamond Valley,4.00,ARN,U2,Arabian Nights
Drop of Honey,5.00,ARN,U2,Arabian Nights
Ebony Horse,5.00,ARN,U2,Arabian Nights
Elephant Graveyard,5.00,ARN,U2,Arabian Nights
El-Hajjâj,5.00,ARN,U2,Arabian Nights
Erg Raiders,0.50,ARN,C5,Arabian Nights
Erhnam Djinn,5.00,ARN,U2,Arabian Nights
Eye for an Eye,15.00,ARN,U3,Arabian Nights
Fishliver Oil,0.50,ARN,C4,Arabian Nights
Flying Carpet,3.00,ARN,U3,Arabian Nights
Flying Men,0.50,ARN,C5,Arabian Nights
Ghazbán Ogre,0.50,ARN,C4,Arabian Nights
Giant Tortoise,0.50,ARN,C4,Arabian Nights
Guardian Beast,8.00,ARN,U2,Arabian Nights
Hasran Ogress,0.50,ARN,C5,Arabian Nights
Hurr Jackal,0.50,ARN,C4,Arabian Nights
Ifh-Bíff Efreet,5.00,ARN,U2,Arabian Nights
Island Fish Jasconius,5.00,ARN,U2,Arabian Nights
Island of Wak-Wak,5.00,ARN,U2,Arabian Nights
Jandor's Ring,4.00,ARN,U2,Arabian Nights
Jandor's Saddlebags,4.00,ARN,U2,Arabian Nights
Jeweled Bird,3.00,ARN,U3,Arabian Nights
Jihad,5.00,ARN,U2,Arabian Nights
Junún Efreet,3.00,ARN,U2,Arabian Nights
Juzám Djinn,5.00,ARN,U2,Arabian Nights
Khabál Ghoul,5.00,ARN,U3,Arabian Nights
King Suleiman,5.00,ARN,U2,Arabian Nights
Kird Ape,0.60,ARN,C5,Arabian Nights
Library of Alexandria,5.00,ARN,U3,Arabian Nights
Magnetic Mountain,4.00,ARN,U3,Arabian Nights
Merchant Ship,2.00,ARN,U3,Arabian Nights
Metamorphosis,0.50,ARN,C4,Arabian Nights
Mijae Djinn,5.00,ARN,U2,Arabian Nights
Moorish Cavalry,0.60,ARN,C5,Arabian Nights
Nafs Asp,0.50,ARN,C5,Arabian Nights
Oasis,2.00,ARN,U4,Arabian Nights
Old Man of the Sea,5.00,ARN,U2,Arabian Nights
Oubliette,0.90,ARN,C4,Arabian Nights
Piety,0.50,ARN,C4,Arabian Nights
Pyramids,5.00,ARN,U2,Arabian Nights
Repentant Blacksmith,5.00,ARN,U2,Arabian Nights
Ring of Ma'rûf,5.00,ARN,U2,Arabian Nights
Rukh Egg,1.00,ARN,C4,Arabian Nights
Sandals of Abdallah,3.00,ARN,U3,Arabian Nights
Sandstorm,0.50,ARN,C4,Arabian Nights
Serendib Djinn,5.00,ARN,U2,Arabian Nights
Serendib Efreet,5.00,ARN,U2,Arabian Nights
Shahrazad,5.00,ARN,U2,Arabian Nights
Sindbad,3.00,ARN,U3,Arabian Nights
Singing Tree,6.00,ARN,U2,Arabian Nights
Sorceress Queen,5.00,ARN,U3,Arabian Nights
Stone-Throwing Devils,0.50,ARN,C4,Arabian Nights
Unstable Mutation,0.50,ARN,C5,Arabian Nights
War Elephant,0.50,ARN,C4,Arabian Nights
Wyluli Wolf,0.50,ARN,C5,Arabian Nights
Ydwen Efreet,5.00,ARN,U2,Arabian Nights
Amulet of Kroog,0.50,ATQ,C4,Antiquities
Argivian Archaeologist,5.50,ATQ,U1,Antiquities
Argivian Blacksmith,0.50,ATQ,C4,Antiquities
Argothian Pixies,0.50,ATQ,C4,Antiquities
Argothian Treefolk,0.50,ATQ,C4,Antiquities
Armageddon Clock,4.00,ATQ,U2,Antiquities
Artifact Blast,0.50,ATQ,C4,Antiquities
Artifact Possession,0.50,ATQ,C4,Antiquities
Artifact Ward,0.63,ATQ,C4,Antiquities
Ashnod's Altar,3.50,ATQ,U2,Antiquities
Ashnod's Battle Gear,3.50,ATQ,U2,Antiquities
Ashnod's Transmogrant,3.00,ATQ,U3,Antiquities
Atog,0.50,ATQ,C4,Antiquities
Battering Ram,0.50,ATQ,C4,Antiquities
Bronze Tablet,6.75,ATQ,U1,Antiquities
Candelabra of Tawnos,5.00,ATQ,U1,Antiquities
Circle of Protection: Artifacts,3.50,ATQ,U3,Antiquities
Citanul Druid,3.00,ATQ,U3,Antiquities
Clay Statue,0.50,ATQ,C4,Antiquities
Clockwork Avian,6.00,ATQ,U1,Antiquities
Colossus of Sardia,7.75,ATQ,U1,Antiquities
Coral Helm,5.00,ATQ,U1,Antiquities
Crumble,0.50,ATQ,C4,Antiquities
Cursed Rack,3.00,ATQ,C1,Antiquities
Damping Field,3.00,ATQ,U3,Antiquities
Detonate,2.75,ATQ,U3,Antiquities
Drafna's Restoration,0.50,ATQ,C4,Antiquities
Dragon Engine,0.63,ATQ,C4,Antiquities
Dwarven Weaponsmith,2.50,ATQ,U3,Antiquities
Energy Flux,3.00,ATQ,U3,Antiquities
Feldon's Cane,3.00,ATQ,C1,Antiquities
Gaea's Avenger,7.00,ATQ,U1,Antiquities
Gate to Phyrexia,2.75,ATQ,U3,Antiquities
Goblin Artisans,1.63,ATQ,U3,Antiquities
Golgothian Sylex,6.00,ATQ,U1,Antiquities
Grapeshot Catapult,0.50,ATQ,C4,Antiquities
Haunting Wind,2.25,ATQ,U3,Antiquities
Hurkyl's Recall,6.50,ATQ,U1,Antiquities
Ivory Tower,4.50,ATQ,U3,Antiquities
Jalum Tome,3.25,ATQ,U2,Antiquities
Martyrs of Korlis,3.13,ATQ,U3,Antiquities
Mightstone,2.50,ATQ,U3,Antiquities
Millstone,3.00,ATQ,U3,Antiquities
Mishra's Factory (A),3.00,ATQ,C1,Antiquities
Mishra's Factory (B),3.00,ATQ,U1,Antiquities
Mishra's Factory (C),3.50,ATQ,U1,Antiquities
Mishra's Factory (D),3.50,ATQ,U1,Antiquities
Mishra's War Machine,5.00,ATQ,U1,Antiquities
Mishra's Workshop,5.00,ATQ,U1,Antiquities
Obelisk of Undoing,5.00,ATQ,U1,Antiquities
Onulet,3.00,ATQ,U3,Antiquities
Orcish Mechanics,0.50,ATQ,C4,Antiquities
Ornithopter,0.63,ATQ,C4,Antiquities
Phyrexian Gremlins,0.50,ATQ,C4,Antiquities
Power Artifact,3.00,ATQ,U3,Antiquities
Powerleech,3.00,ATQ,U3,Antiquities
Priest of Yawgmoth,0.50,ATQ,C4,Antiquities
Primal Clay,2.50,ATQ,U3,Antiquities
Rakalite,2.00,ATQ,U3,Antiquities
Reconstruction,0.50,ATQ,C4,Antiquities
Reverse Polarity,0.50,ATQ,C4,Antiquities
Rocket Launcher,3.00,ATQ,U3,Antiquities
Sage of Lat-Nam,0.50,ATQ,C4,Antiquities
Shapeshifter,6.00,ATQ,U1,Antiquities
Shatterstorm,5.50,ATQ,U1,Antiquities
Staff of Zegon,0.75,ATQ,C4,Antiquities
Strip Mine (A),2.50,ATQ,C1,Antiquities
Strip Mine (B),3.00,ATQ,U1,Antiquities
Strip Mine (C),3.00,ATQ,U1,Antiquities
Strip Mine (D),3.50,ATQ,U1,Antiquities
Su-Chi,2.75,ATQ,U3,Antiquities
Tablet of Epityr,0.50,ATQ,C4,Antiquities
Tawnos's Coffin,5.00,ATQ,U1,Antiquities
Tawnos's Wand,2.25,ATQ,U3,Antiquities
Tawnos's Weaponry,2.75,ATQ,U3,Antiquities
Tetravus,6.00,ATQ,U1,Antiquities
The Rack,3.00,ATQ,U3,Antiquities
Titania's Song,3.00,ATQ,U3,Antiquities
Transmute Artifact,2.50,ATQ,U3,Antiquities
Triskelion,5.00,ATQ,U1,Antiquities
Urza's Avenger,6.00,ATQ,U1,Antiquities
Urza's Chalice,0.63,ATQ,C1,Antiquities
Urza's Mine (A),1.13,ATQ,C1,Antiquities
Urza's Mine (B),1.75,ATQ,C1,Antiquities
Urza's Mine (C),1.75,ATQ,C2,Antiquities
Urza's Mine (D),1.13,ATQ,C2,Antiquities
Urza's Miter,5.00,ATQ,U1,Antiquities
Urza's Power Plant (A),1.13,ATQ,C2,Antiquities
Urza's Power Plant (B),1.63,ATQ,C1,Antiquities
Urza's Power Plant (C),1.13,ATQ,C2,Antiquities
Urza's Power Plant (D),1.75,ATQ,C1,Antiquities
Urza's Tower (A),1.13,ATQ,C2,Antiquities
Urza's Tower (B),1.63,ATQ,C1,Antiquities
Urza's Tower (C),1.75,ATQ,C1,Antiquities
Urza's Tower (D),1.63,ATQ,C1,Antiquities
Wall of Spears,3.00,ATQ,U3,Antiquities
Weakstone,2.25,ATQ,U3,Antiquities
Xenic Poltergeist,2.25,ATQ,U3,Antiquities
Yawgmoth Demon,7.75,ATQ,U1,Antiquities
Yotian Soldier,0.63,ATQ,C4,Antiquities
Abomination,4.50,LEG,U1,Legends
Acid Rain,10.00,LEG,R,Legends
Active Volcano,0.50,LEG,C2,Legends
Adun Oakenshield,12.00,LEG,R,Legends
Adventurers' Guildhouse,3.00,LEG,U1,Legends
Aerathi Berserker,3.50,LEG,U1,Legends
Aisling Leprechaun,0.68,LEG,C1,Legends
Akron Legionnaire,10.00,LEG,R,Legends
Al-abara's Carpet,10.00,LEG,R,Legends
Alabaster Potion,0.50,LEG,C2,Legends
Alchor's Tomb,8.50,LEG,R,Legends
All Hallow's Eve,15.00,LEG,R,Legends
Amrou Kithkin,0.50,LEG,C2,Legends
Angelic Voices,10.00,LEG,R,Legends
Angus Mackenzie,10.00,LEG,R,Legends
Anti-Magic Aura,1.00,LEG,C1,Legends
Arboria,3.75,LEG,U1,Legends
Arcades Sabboth,20.00,LEG,R,Legends
Arena of the Ancients,9.00,LEG,R,Legends
Avoid Fate,0.63,LEG,C1,Legends
Axelrod Gunnarson,10.00,LEG,R,Legends
Ayesha Tanaka,10.00,LEG,R,Legends
Azure Drake,4.00,LEG,U1,Legends
Backdraft,3.00,LEG,U1,Legends
Backfire,3.50,LEG,U1,Legends
Barbary Apes,0.50,LEG,C1,Legends
Barktooth Warbeard,5.00,LEG,U1,Legends
Bartel Runeaxe,10.00,LEG,R,Legends
Beasts of Bogardan,4.00,LEG,U1,Legends
Black Mana Battery,6.00,LEG,U1,Legends
Blazing Effigy,0.55,LEG,C2,Legends
Blight,3.00,LEG,U,Legends
Blood Lust,4.00,LEG,U1,Legends
Blue Mana Battery,6.00,LEG,U1,Legends
Boomerang,0.63,LEG,C2,Legends
Boris Devilboon,12.00,LEG,R,Legends
Brine Hag,4.00,LEG,U1,Legends
Bronze Horse,8.00,LEG,R,Legends
Carrion Ants,15.00,LEG,R,Legends
Cat Warriors,0.50,LEG,C2,Legends
Cathedral of Serra,3.00,LEG,U1,Legends
Caverns of Despair,10.00,LEG,R,Legends
Chain Lightning,0.75,LEG,C2,Legends
Chains of Mephistopheles,10.00,LEG,R,Legends
Chromium,20.00,LEG,R,Legends
Cleanse,11.50,LEG,R,Legends
Clergy of the Holy Nimbus,0.50,LEG,C2,Legends
Cocoon,4.00,LEG,U1,Legends
Concordant Crossroads,9.00,LEG,R,Legends
Cosmic Horror,10.00,LEG,R,Legends
Craw Giant,6.00,LEG,U1,Legends
Crevasse,3.50,LEG,U1,Legends
Crimson Kobolds,0.63,LEG,C2,Legends
Crimson Manticore,9.00,LEG,R,Legends
Crookshank Kobolds,0.63,LEG,C2,Legends
Cyclopean Mummy,0.50,LEG,C2,Legends
Dakkon Blackblade,0.75,LEG,R,Legends
Darkness,15.00,LEG,C1,Legends
D'Avenant Archer,1.00,LEG,C2,Legends
Deadfall,3.00,LEG,U1,Legends
Demonic Torment,3.75,LEG,U1,Legends
Devouring Deep,0.75,LEG,C2,Legends
Disharmony,8.00,LEG,R,Legends
Divine Intervention,9.00,LEG,R,Legends
Divine Offering,0.50,LEG,C2,Legends
Divine Transformation,10.00,LEG,R,Legends
Dream Coat,3.00,LEG,U1,Legends
Durkwood Boars,0.63,LEG,C2,Legends
Dwarven Song,3.00,LEG,U1,Legends
Elder Land Wurm,10.00,LEG,R,Legends
Elder Spawn,8.00,LEG,R,Legends
Elven Riders,10.00,LEG,R,Legends
Emerald Dragonfly,0.50,LEG,C2,Legends
Enchanted Being,0.83,LEG,C1,Legends
Enchantment Alteration,1.00,LEG,C1,Legends
Energy Tap,0.75,LEG,C2,Legends
Equinox,0.86,LEG,C1,Legends
Eternal Warrior,4.00,LEG,U1,Legends
Eureka,11.00,LEG,R,Legends
Evil Eye of Orms-by-Gore,4.00,LEG,U1,Legends
Fallen Angel,5.00,LEG,U1,Legends
Falling Star,10.00,LEG,R,Legends
Feint,0.75,LEG,C1,Legends
Field of Dreams,8.00,LEG,R,Legends
Fire Sprites,0.75,LEG,C2,Legends
Firestorm Phoenix,13.00,LEG,R,Legends
Flash Counter,0.63,LEG,C2,Legends
Flash Flood,0.75,LEG,C2,Legends
Floral Spuzzem,4.00,LEG,U1,Legends
Force Spike,0.50,LEG,C2,Legends
Forethought Amulet,10.00,LEG,R,Legends
Fortified Area,3.25,LEG,U1,Legends
Frost Giant,4.00,LEG,U1,Legends
Gabriel Angelfire,11.00,LEG,R,Legends
Gaseous Form,0.78,LEG,C1,Legends
Gauntlets of Chaos,10.00,LEG,R,Legends
Ghosts of the Damned,0.75,LEG,C2,Legends
Giant Slug,0.75,LEG,C2,Legends
Giant Strength,0.75,LEG,C2,Legends
Giant Turtle,0.75,LEG,C2,Legends
Glyph of Delusion,0.63,LEG,C1,Legends
Glyph of Destruction,0.75,LEG,C2,Legends
Glyph of Doom,0.63,LEG,C2,Legends
Glyph of Life,0.75,LEG,C2,Legends
Glyph of Reincarnation,0.50,LEG,C1,Legends
Gosta Dirk,10.00,LEG,R,Legends
Gravity Sphere,11.00,LEG,R,Legends
Great Defender,3.75,LEG,U1,Legends
Great Wall,3.00,LEG,U1,Legends
Greater Realm of Preservation,4.00,LEG,U1,Legends
Greed,8.00,LEG,R,Legends
Green Mana Battery,6.00,LEG,U1,Legends
Gwendlyn Di Corci,10.00,LEG,R,Legends
Halfdane,10.00,LEG,R,Legends
Hammerheim,3.00,LEG,U2,Legends
Hazezon Tamar,12.00,LEG,R,Legends
Headless Horseman,0.75,LEG,C1,Legends
Heaven's Gate,3.00,LEG,U1,Legends
Hell Swarm,0.50,LEG,C1,Legends
Hellfire,12.00,LEG,R,Legends
Hell's Caretaker,12.00,LEG,R,Legends
Holy Day,0.68,LEG,C1,Legends
Horn of Deafening,9.00,LEG,R,Legends
Hornet Cobra,0.50,LEG,C2,Legends
Horror of Horrors,4.00,LEG,U1,Legends
Hunding Gjornersen,5.00,LEG,U1,Legends
Hyperion Blacksmith,3.25,LEG,U1,Legends
Ichneumon Druid,4.00,LEG,U1,Legends
Immolation,0.50,LEG,C1,Legends
Imprison,10.00,LEG,R,Legends
In the Eye of Chaos,10.00,LEG,R,Legends
Indestructible Aura,0.63,LEG,C2,Legends
Infernal Medusa,5.00,LEG,U1,Legends
Infinite Authority,8.50,LEG,R,Legends
Invoke Prejudice,10.00,LEG,R,Legends
Ivory Guardians,4.00,LEG,U1,Legends
Jacques le Vert,11.00,LEG,R,Legends
Jasmine Boreal,5.00,LEG,U1,Legends
Jedit Ojanen,5.00,LEG,U1,Legends
Jerrard of the Closed Fist,5.00,LEG,U1,Legends
Johan,12.00,LEG,R,Legends
Jovial Evil,10.00,LEG,R,Legends
Juxtapose,10.00,LEG,R,Legends
Karakas,3.50,LEG,U2,Legends
Kasimir the Lone Wolf,5.00,LEG,U1,Legends
Keepers of the Faith,0.75,LEG,C2,Legends
Kei Takahashi,10.00,LEG,R,Legends
Killer Bees,13.50,LEG,R,Legends
Kismet,5.00,LEG,U1,Legends
Knowledge Vault,9.50,LEG,R,Legends
Kobold Drill Sergeant,5.00,LEG,U1,Legends
Kobold Overlord,10.00,LEG,R,Legends
Kobold Taskmaster,5.00,LEG,U1,Legends
Kobolds of Kher Keep,0.75,LEG,C2,Legends
Kry Shield,3.00,LEG,U1,Legends
Lady Caleria,10.00,LEG,R,Legends
Lady Evangela,10.00,LEG,R,Legends
Lady Orca,5.00,LEG,U1,Legends
Land Equilibrium,10.00,LEG,R,Legends
Land Tax,5.00,LEG,U1,Legends
Land's Edge,10.00,LEG,R,Legends
Lesser Werewolf,5.00,LEG,U1,Legends
Life Chisel,4.00,LEG,U2,Legends
Life Matrix,10.00,LEG,R,Legends
Lifeblood,9.00,LEG,R,Legends
Living Plane,10.00,LEG,R,Legends
Livonya Silone,10.00,LEG,R,Legends
Lord Magnus,5.50,LEG,U1,Legends
Lost Soul,0.75,LEG,C2,Legends
Mana Drain,5.00,LEG,U1,Legends
Mana Matrix,10.00,LEG,R,Legends
Marble Priest,4.00,LEG,U1,Legends
Marhault Elsdragon,6.00,LEG,U1,Legends
Master of the Hunt,15.00,LEG,R,Legends
Mirror Universe,16.00,LEG,R,Legends
Moat,12.00,LEG,R,Legends
Mold Demon,9.00,LEG,R,Legends
Moss Monster,0.50,LEG,C2,Legends
Mountain Stronghold,3.00,LEG,U1,Legends
Mountain Yeti,4.00,LEG,U1,Legends
Nebuchadnezzar,12.00,LEG,R,Legends
Nether Void,9.00,LEG,R,Legends
Nicol Bolas,21.00,LEG,R,Legends
North Star,11.00,LEG,R,Legends
Nova Pentacle,9.25,LEG,R,Legends
Osai Vultures,0.75,LEG,C1,Legends
Palladia-Mors,20.00,LEG,R,Legends
Part Water,3.25,LEG,U1,Legends
Pavel Maliki,5.00,LEG,U1,Legends
Pendelhaven,3.50,LEG,U2,Legends
Petra Sphinx,10.00,LEG,R,Legends
Pit Scorpion,0.73,LEG,C2,Legends
Pixie Queen,10.00,LEG,R,Legends
Planar Gate,10.00,LEG,R,Legends
Pradesh Gypsies,3.50,LEG,U1,Legends
Presence of the Master,4.50,LEG,U1,Legends
Primordial Ooze,4.00,LEG,U1,Legends
Princess Lucrezia,4.50,LEG,U1,Legends
Psionic Entity,8.00,LEG,R,Legends
Psychic Purge,0.75,LEG,C1,Legends
Puppet Master,4.00,LEG,U1,Legends
Pyrotechnics,0.75,LEG,C2,Legends
Quagmire,3.50,LEG,U1,Legends
Quarum Trench Gnomes,9.50,LEG,R,Legends
Rabid Wombat,6.00,LEG,U1,Legends
Radjan Spirit,4.00,LEG,U1,Legends
Raging Bull,0.75,LEG,C1,Legends
Ragnar,10.00,LEG,R,Legends
Ramirez DePietro,4.50,LEG,U1,Legends
Ramses Overdark,12.00,LEG,R,Legends
Rapid Fire,8.00,LEG,R,Legends
Rasputin Dreamweaver,10.00,LEG,R,Legends
Rebirth,8.50,LEG,R,Legends
Recall,10.00,LEG,R,Legends
Red Mana Battery,6.00,LEG,U1,Legends
Reincarnation,4.00,LEG,U1,Legends
Relic Barrier,4.00,LEG,U2,Legends
Relic Bind,3.75,LEG,U1,Legends
Remove Enchantments,0.63,LEG,C1,Legends
Remove Soul,0.50,LEG,C2,Legends
Reset,4.00,LEG,U1,Legends
Revelation,8.00,LEG,R,Legends
Reverberation,10.00,LEG,R,Legends
Righteous Avengers,4.00,LEG,U1,Legends
Ring of Immortals,10.00,LEG,R,Legends
Riven Turnbull,5.00,LEG,U1,Legends
Rohgahh of Kher Keep,12.00,LEG,R,Legends
Rubinia Soulsinger,12.00,LEG,R,Legends
Rust,0.50,LEG,C2,Legends
Sea Kings' Blessing,3.00,LEG,U1,Legends
Seafarer's Quay,3.00,LEG,U1,Legends
Seeker,4.00,LEG,U1,Legends
Segovian Leviathan,4.00,LEG,U1,Legends
Sentinel,9.00,LEG,R,Legends
Serpent Generator,13.50,LEG,R,Legends
Shelkin Brownie,0.60,LEG,C1,Legends
Shield Wall,3.00,LEG,U1,Legends
Shimian Night Stalker,4.00,LEG,U1,Legends
Silhouette,3.00,LEG,U1,Legends
Sir Shandlar of Eberyn,5.00,LEG,U1,Legends
Sivitri Scarzam,5.00,LEG,U1,Legends
Sol'kanar the Swamp King,15.00,LEG,R,Legends
Spectral Cloak,4.00,LEG,U1,Legends
Spinal Villain,12.00,LEG,R,Legends
Spirit Link,5.00,LEG,U1,Legends
Spirit Shackle,0.88,LEG,C1,Legends
Spiritual Sanctuary,9.00,LEG,R,Legends
Stangg,10.00,LEG,R,Legends
Storm Seeker,5.50,LEG,U1,Legends
Storm World,9.00,LEG,R,Legends
Subdue,0.50,LEG,C1,Legends
Sunastian Falconer,5.50,LEG,U1,Legends
Sword of the Ages,12.00,LEG,R,Legends
Sylvan Library,4.00,LEG,U1,Legends
Sylvan Paradise,4.00,LEG,U1,Legends
Syphon Soul,0.88,LEG,C2,Legends
Takklemaggot,3.50,LEG,U1,Legends
Telekinesis,8.75,LEG,R,Legends
Teleport,9.50,LEG,R,Legends
Tempest Efreet,8.00,LEG,R,Legends
Tetsuo Umezawa,12.00,LEG,R,Legends
The Abyss,10.00,LEG,R,Legends
The Brute,0.75,LEG,C1,Legends
The Lady of the Mountain,5.00,LEG,U1,Legends
The Tabernacle at Pendrell Vale,10.00,LEG,R,Legends
The Wretched,12.00,LEG,R,Legends
Thunder Spirit,10.00,LEG,R,Legends
Time Elemental,10.00,LEG,R,Legends
Tobias Andrion,5.00,LEG,U1,Legends
Tolaria,3.50,LEG,U2,Legends
Tor Wauki,5.50,LEG,U1,Legends
Torsten Von Ursus,4.50,LEG,U1,Legends
Touch of Darkness,3.50,LEG,U1,Legends
Transmutation,1.00,LEG,C1,Legends
Triassic Egg,10.00,LEG,R,Legends
Tuknir Deathlock,10.00,LEG,R,Legends
Tundra Wolves,0.55,LEG,C2,Legends
Typhoon,8.75,LEG,R,Legends
Undertow,3.00,LEG,U1,Legends
Underworld Dreams,7.00,LEG,U1,Legends
Unholy Citadel,3.00,LEG,U1,Legends
Untamed Wilds,3.50,LEG,U1,Legends
Urborg,10.00,LEG,U2,Legends
Ur-Drago,3.00,LEG,R,Legends
Vaevictis Asmadi,20.00,LEG,R,Legends
Vampire Bats,0.50,LEG,C2,Legends
Venarian Gold,1.00,LEG,C1,Legends
Visions,3.50,LEG,U1,Legends
Voodoo Doll,9.00,LEG,R,Legends
Walking Dead,0.60,LEG,C1,Legends
Wall of Caltrops,1.00,LEG,C1,Legends
Wall of Dust,3.00,LEG,U1,Legends
Wall of Earth,0.75,LEG,C,Legends
Wall of Heat,1.00,LEG,C1,Legends
Wall of Light,3.50,LEG,U1,Legends
Wall of Opposition,8.50,LEG,R,Legends
Wall of Putrid Flesh,4.00,LEG,U1,Legends
Wall of Shadows,1.00,LEG,C2,Legends
Wall of Tombstones,4.00,LEG,U1,Legends
Wall of Vapor,0.75,LEG,C2,Legends
Wall of Wonder,4.00,LEG,U1,Legends
Whirling Dervish,4.50,LEG,U1,Legends
White Mana Battery,6.00,LEG,U1,Legends
Willow Satyr,10.00,LEG,R,Legends
Winds of Change,4.00,LEG,U1,Legends
Winter Blast,10.00,LEG,R,Legends
Wolverine Pack,0.70,LEG,C2,Legends
Wood Elemental,7.50,LEG,R,Legends
Xira Arien,10.00,LEG,R,Legends
Zephyr Falcon,0.63,LEG,C2,Legends
Amnesia,3.75,DRK,U2,The Dark
Angry Mob,4.25,DRK,U2,The Dark
Apprentice Wizard,5.00,DRK,U1,The Dark
Ashes to Ashes,0.50,DRK,C3,The Dark
Ball Lightning,8.00,DRK,U1,The Dark
Banshee,3.00,DRK,U2,The Dark
Barl's Cage,6.00,DRK,U1,The Dark
Blood Moon,7.00,DRK,U1,The Dark
Blood of the Martyr,3.00,DRK,U2,The Dark
Bog Imp,0.50,DRK,C3,The Dark
Bog Rats,0.50,DRK,C3,The Dark
Bone Flute,2.00,DRK,U2,The Dark
Book of Rass,2.00,DRK,U2,The Dark
Brainwash,0.40,DRK,C3,The Dark
Brothers of Fire,2.50,DRK,U2,The Dark
Carnivorous Plant,0.50,DRK,C3,The Dark
Cave People,3.00,DRK,U2,The Dark
City of Shadows,5.00,DRK,U1,The Dark
Cleansing,6.00,DRK,U1,The Dark
Coal Golem,3.00,DRK,U2,The Dark
Curse Artifact,2.00,DRK,U2,The Dark
Dance of Many,6.00,DRK,U1,The Dark
Dark Heart of the Wood,0.50,DRK,C3,The Dark
Dark Sphere,4.00,DRK,U2,The Dark
Deep Water,0.30,DRK,C3,The Dark
Diabolic Machine,3.00,DRK,U2,The Dark
Drowned,0.30,DRK,C3,The Dark
Dust to Dust,0.45,DRK,C3,The Dark
Eater of the Dead,4.00,DRK,U2,The Dark
Electric Eel,2.25,DRK,U2,The Dark
Elves of Deep Shadow,3.00,DRK,U2,The Dark
Erosion,0.30,DRK,C3,The Dark
Eternal Flame,5.00,DRK,U1,The Dark
Exorcist,8.00,DRK,U1,The Dark
Fasting,2.50,DRK,U2,The Dark
Fellwar Stone,4.00,DRK,U2,The Dark
Festival,0.50,DRK,C3,The Dark
Fire and Brimstone,2.50,DRK,U2,The Dark
Fire Drake,3.00,DRK,U2,The Dark
Fissure,0.45,DRK,C3,The Dark
Flood,2.75,DRK,U2,The Dark
Fountain of Youth,3.00,DRK,U2,The Dark
Frankenstein's Monster,8.00,DRK,U1,The Dark
Gaea's Touch,0.40,DRK,C3,The Dark
Ghost Ship,0.50,DRK,C3,The Dark
Giant Shark,0.50,DRK,C3,The Dark
Goblin Caves,0.50,DRK,C3,The Dark
Goblin Digging Team,0.40,DRK,C3,The Dark
Goblin Hero,0.45,DRK,C3,The Dark
Goblin Rock Sled,0.40,DRK,C3,The Dark
Goblin Shrine,0.50,DRK,C3,The Dark
Goblin Wizard,6.25,DRK,U1,The Dark
Goblins of the Flarg,0.40,DRK,C3,The Dark
Grave Robbers,6.00,DRK,U1,The Dark
Hidden Path,5.00,DRK,U1,The Dark
Holy Light,0.35,DRK,C3,The Dark
Inferno,5.50,DRK,U1,The Dark
Inquisition,0.40,DRK,C3,The Dark
Knights of Thorn,6.00,DRK,U1,The Dark
Land Leeches,0.35,DRK,C3,The Dark
Leviathan,8.00,DRK,U1,The Dark
Living Armor,3.00,DRK,U2,The Dark
Lurker,5.00,DRK,U1,The Dark
Mana Clash,5.00,DRK,U1,The Dark
Mana Vortex,6.00,DRK,U1,The Dark
Marsh Gas,0.30,DRK,C3,The Dark
Marsh Goblins,0.50,DRK,C3,The Dark
Marsh Viper,0.45,DRK,C3,The Dark
Martyr's Cry,5.00,DRK,U1,The Dark
Maze of Ith,4.00,DRK,C1,The Dark
Merfolk Assassin,4.00,DRK,U2,The Dark
Mind Bomb,5.00,DRK,U1,The Dark
Miracle Worker,0.40,DRK,C3,The Dark
Morale,0.30,DRK,C3,The Dark
Murk Dwellers,0.35,DRK,C3,The Dark
Nameless Race,6.00,DRK,U1,The Dark
Necropolis,2.50,DRK,U2,The Dark
Niall Silvain,5.50,DRK,U1,The Dark
Orc General,3.50,DRK,U2,The Dark
People of the Woods,4.00,DRK,U2,The Dark
Pikemen,0.50,DRK,C3,The Dark
Preacher,8.00,DRK,U1,The Dark
Psychic Allergy,5.50,DRK,U1,The Dark
Rag Man,6.50,DRK,U1,The Dark
Reflecting Mirror,3.50,DRK,U2,The Dark
Riptide,0.30,DRK,C3,The Dark
Runesword,5.00,DRK,U2,The Dark
Safe Haven,7.00,DRK,U1,The Dark
Savaen Elves,0.40,DRK,C3,The Dark
Scarecrow,3.50,DRK,U2,The Dark
Scarwood Bandits,6.25,DRK,U1,The Dark
Scarwood Goblins,0.50,DRK,C3,The Dark
Scarwood Hag,2.50,DRK,U2,The Dark
Scavenger Folk,0.40,DRK,C3,The Dark
Season of the Witch,6.50,DRK,U1,The Dark
Sisters of the Flame,3.00,DRK,U2,The Dark
Skull of Orm,3.25,DRK,U2,The Dark
Sorrow's Path,5.00,DRK,U1,The Dark
Spitting Slug,2.00,DRK,U2,The Dark
Squire,0.30,DRK,C3,The Dark
Standing Stones,3.00,DRK,U2,The Dark
Stone Calendar,6.00,DRK,U1,The Dark
Sunken City,0.50,DRK,C3,The Dark
Tangle Kelp,2.00,DRK,U2,The Dark
The Fallen,3.00,DRK,U2,The Dark
Tivadar's Crusade,2.75,DRK,U2,The Dark
Tormod's Crypt,2.50,DRK,U2,The Dark
Tower of Coireall,2.00,DRK,U2,The Dark
Tracker,6.00,DRK,U1,The Dark
Uncle Istvan,4.00,DRK,U2,The Dark
Venom,0.50,DRK,C3,The Dark
Wand of Ith,2.50,DRK,U2,The Dark
War Barge,4.00,DRK,U2,The Dark
Water Wurm,0.35,DRK,C3,The Dark
Whippoorwill,3.00,DRK,U2,The Dark
Witch Hunter,7.00,DRK,U1,The Dark
Word of Binding,0.50,DRK,C3,The Dark
Worms of the Earth,6.00,DRK,U1,The Dark
Wormwood Treefolk,5.00,DRK,U1,The Dark
